[1,["ecpdLyjvZBwrvm+cedCcQy","cf+Mo0LfRLA67r0OV6TrVB","67bIdIz7xEc40YPU+bIkC0","2beOBE6LFKAbjBM29oeKG/","0cKnfo9KlIe7iQjpR+HFFb","1aPnPHYJJPU4ZflEa+66o3","1d0SqhHZxOlqd3/Ihvqb7S","5bkloIVlhN8KPPbkev56a9","a2MjXRFdtLlYQ5ouAFv/+R","fbK1UKr61MnZpMjdTi0W2j","7fv+F9rYVLeo2o0VnPk4up","b2watDbhxH5rySYC1YejFP","c5JbI9PjtE6JfZ0SHsCQoX","4fLqDi33pEhInzRmSxMdzm","dah8HWnUZI36x7iIi5GHHP","37oIUeOQtBjpPGHmEe7pp/","531sEjUWtJX4z7q5YYkvYi","59rL+UYtFNDLwjp6Ze+1zx","15BJPliFtBsJMyvvKldF6Z","bfXxoWoAZNVrfSa/6PI+gG","c0OrRZ3kRN6b0IeXJD3Wy0","0aDTVehUBIKIz0wLXwToHq","33EJ2pkupKG48PMzKcTwvo","02delMVqdBD70a/HSD99FK","218RPoxoVBZY5n2wU9D45t"],["node","_spriteFrame","_textureSetter","_N$file","_clip","_N$font","_parent","_defaultClip","BlackLabel","BlackBackground","levelCompletedLabel","levelText","newOnlineSound","slideDoorSound","exitDoor","startDoor","scene","PlayerPrefab","music"],["cc.SpriteFrame",["cc.Node",["_name","_opacity","_id","_components","_parent","_contentSize","_trs","_color","_children"],0,9,1,5,7,5,12],["cc.Node",["_name","_opacity","_parent","_components","_contentSize","_trs","_color","_children"],1,1,2,5,7,5,2],["cc.RichText",["_isSystemFontUsed","_N$string","_N$lineHeight","_N$fontSize","_N$maxWidth","node","_N$font"],-2,1,6],["cc.Sprite",["_sizeMode","node","_materials","_spriteFrame"],2,1,3,6],["cc.Label",["_string","_N$verticalAlign","_lineHeight","_isSystemFontUsed","_fontSize","_N$horizontalAlign","node","_materials","_N$file"],-3,1,3,6],["cc.AudioSource",["_loop","playOnLoad","node","_clip"],1,1,6],["cc.Node",["_name","_parent","_children","_components","_contentSize","_anchorPoint","_trs"],2,1,2,12,5,5,7],["cc.Animation",["playOnLoad","node","_clips","_defaultClip"],2,1,3,6],["cc.BoxCollider",["node","_size","_offset"],3,1,5,5],["cc.PrivateNode",["_name","_objFlags","_parent","_components","_contentSize","_anchorPoint","_trs","_color"],1,1,9,5,5,7,5],["cc.TTFFont",["_name","_native"],1],["cc.SceneAsset",["_name","asyncLoadAssets"],1],["cc.Node",["_name","_parent","_children","_components","_contentSize","_trs"],2,1,2,9,5,7],["cc.Canvas",["_fitHeight","node","_designResolution"],2,1,5],["cc.Widget",["_alignFlags","node"],2,1],["02d6fUsVtpB3LJkhpGcdkWy",["node","startDoor","exitDoor","slideDoorSound","newOnlineSound","levelText","levelCompletedLabel","BlackBackground","BlackLabel","PlayerPrefab","music"],3,1,1,1,1,1,1,1,1,1,6,6],["cc.Scene",["_name","_active","_children","_anchorPoint","_trs"],1,2,5,7],["cc.Camera",["_cullingMask","_clearFlags","_depth","node"],0,1]],[[4,0,1,2,3,2],[9,0,1,1],[1,0,1,4,3,5,6,3],[13,0,1,2,3,4,5,2],[4,0,1,2,2],[10,0,1,2,3,4,5,6,3],[1,0,4,3,5,6,2],[1,0,4,3,2],[4,1,2,3,1],[5,0,2,3,1,6,7,8,5],[7,0,1,2,2],[7,0,1,2,3,4,5,6,2],[2,0,2,3,2],[9,0,2,1,1],[5,0,4,2,3,1,6,7,8,6],[6,2,1],[6,2,3,1],[11,0,1,3],[12,0,1,3],[1,0,2,8,3,7,5,6,3],[1,0,4,2],[1,0,1,4,3,7,5,6,3],[1,0,4,3,5,2],[2,0,2,7,3,4,5,2],[2,0,2,3,4,5,2],[2,0,1,2,3,6,4,3],[2,0,1,2,3,6,4,5,3],[14,0,1,2,2],[15,0,1,2],[16,0,1,2,3,4,5,6,7,8,9,10,1],[8,1,2,3,1],[8,0,1,2,3,2],[3,0,1,4,2,5,6,5],[3,0,1,3,2,5,6,5],[3,0,1,2,5,6,4],[3,0,1,3,2,5,5],[17,0,1,2,3,4,3],[18,0,1,2,3,4],[10,0,1,2,3,7,4,5,6,3],[5,0,5,1,6,7,4],[6,0,1,2,3,3]],[[[[17,"EDITUNDO","EDITUNDO.ttf"],-1],0,0,[],[],[]],[[{"name":"orb_red","rect":[3,3,25,25],"offset":[-0.5,0.5],"originalSize":[32,32],"capInsets":[0,0,0,0]}],[0],0,[0],[2],[9]],[[{"name":"orb_green","rect":[3,3,25,25],"offset":[-0.5,0.5],"originalSize":[32,32],"capInsets":[0,0,0,0]}],[0],0,[0],[2],[10]],[[{"name":"controlsTutorial","rect":[0,0,21,21],"offset":[0,0],"originalSize":[21,21],"capInsets":[0,0,0,0]}],[0],0,[0],[2],[11]],[[{"name":"door_sprite0","rect":[0,0,32,32],"offset":[0,0],"originalSize":[32,32],"capInsets":[0,0,0,0]}],[0],0,[0],[2],[12]],[[{"name":"obstacle","rect":[0,0,16,16],"offset":[0,0],"originalSize":[16,16],"capInsets":[0,0,0,0]}],[0],0,[0],[2],[13]],[[[18,"Level2",null],[19,"Canvas","a286bbGknJLZpRpxROV6M94",[[-12,-13,-14,-15,-16,-17,[20,"player",-18],-19,-20,-21,-22,-23,-24,-25,-26,-27],1,1,1,1,1,1,4,1,1,1,1,1,1,1,1,1],[[27,false,-1,[5,640,640]],[28,45,-2],[29,-11,-10,-9,-8,-7,-6,-5,-4,-3,43,44]],[4,4294769916],[5,640,640],[320,320,0,0,0,0,1,1,1,1]],[10,"obstacle",1,[-28,-29,-30,-31,-32]],[11,"exit",1,[-36],[[-33,[30,-34,[6],5],[13,-35,[0,0,48],[5,96,96]]],1,4,4],[5,96,96],[0,0.5,0],[237.34,-98,0,0,0,0,1,1,1,1]],[11,"start",1,[-40],[[-37,[31,true,-38,[11],10],[13,-39,[0,0,48],[5,96,96]]],1,4,4],[5,96,96],[0,0.5,0],[-224.832,-98,0,0,0,0,1,1,1,1]],[3,"TutorialLabel",1,[-42,-43],[[32,false,"<color=#ffffff>press `S` key to deactivate your e-bot and send a new one</c>",550,50,-41,34]],[5,550,112.99999999999999],[33.104,-245.855,0,0,0,0,1,1,1,1]],[10,"LevelCompletedScreen",1,[-44,-45,-46]],[3,"controlsTutorial",1,[-48],[[8,-47,[15],16]],[5,21,21],[-269.241,-249.468,0,0,0,0,1,2,2,1]],[3,"LevelLabel copy",7,[-50],[[33,false,"<color=#00000>S</c>",35,50,-49,14]],[5,17.64,63],[0.327,1.8895,0,0,0,0,1,0.5,0.5,0.5]],[2,"obstacle copy",0,2,[[0,0,-51,[17],18],[1,-52,[5,32,140]]],[5,32,140],[-305.438,-113.524,0,0,0,0,1,1,1,1]],[2,"obstacle copy",0,2,[[0,0,-53,[19],20],[1,-54,[5,32,140]]],[5,32,140],[-46.739,-172.434,0,0,0,0,1,1,1,1]],[2,"obstacle copy",0,2,[[0,0,-55,[21],22],[1,-56,[5,32,140]]],[5,32,140],[-144.595,-171.301,0,0,0,0,1,1,1,1]],[2,"obstacle copy",0,2,[[0,0,-57,[23],24],[1,-58,[5,32,140]]],[5,32,140],[307.562,-113.524,0,0,0,0,1,1,1,1]],[21,"obstacle2",0,2,[[0,0,-59,[25],26],[1,-60,[5,16,96]]],[4,4278255564],[5,16,96],[-73.815,-53.242,0,0,0,0,1,1,1,1]],[3,"LevelLabel",1,[-62],[[34,false,"<color=#ffffff>SECTOR 2</c>",50,-61,37]],[5,165.88,63],[-224.646,287.217,0,0,0,0,1,1,1,1]],[23,"LevelCompletedLabel",6,[-64],[-63],[5,511.74,63],[16.039,-13.251,0,0,0,0,1,1,1,1]],[36,"New Node",false,[1],[0,0,0],[0,0,0,0,0,0,1,1,1,1]],[6,"Main Camera",1,[[37,-3,7,-1,-65]],[5,640,640],[0,0,0,0,0,0,1,0.99999,0.99999,0.99999]],[22,"Level2",1,[[0,0,-66,[0],1]],[5,640,640]],[6,"orb_red",3,[[8,-67,[2],3]],[5,25,25],[0.133,106.626,0,0,0,0,1,1,1,1]],[4,0,3,[4]],[6,"orb_green",4,[[8,-68,[7],8]],[5,25,25],[0.523,106.749,0,0,0,0,1,1,1,1]],[4,0,4,[9]],[38,"RICHTEXT_CHILD",1024,8,[[14,"S",35,50,false,1,-69,[12],13]],[4,4278190080],[5,17.64,63],[0,0,0],[-8.82,-31.5,0,0,0,0,1,1,1,1]],[12,"NewRobotSound",1,[-70]],[15,24],[7,"ExplosionSound",1,[[16,-71,27]]],[12,"DoorSound",1,[-72]],[15,27],[7,"PowerOffSound",1,[[16,-73,28]]],[7,"Music",1,[[40,true,true,-74,29]]],[5,"RICHTEXT_CHILD",1024,5,[[9,"press `S` key to deactivate your",50,false,1,-75,[30],31]],[5,543.64,63],[0,0,0],[-275,-6.499999999999993,0,0,0,0,1,1,1,1]],[5,"RICHTEXT_CHILD",1024,5,[[9,"e-bot and send a new one",50,false,1,-76,[32],33]],[5,439.32,63],[0,0,0],[-275,-56.49999999999999,0,0,0,0,1,1,1,1]],[5,"RICHTEXT_CHILD",1024,14,[[9,"SECTOR 2",50,false,1,-77,[35],36]],[5,165.88,63],[0,0,0],[-82.94,-31.5,0,0,0,0,1,1,1,1]],[24,"NextLevelLabel",1,[-78],[5,104.51,50.4],[412.406,282.07,0,0,0,0,1,1,1,1]],[39,"level3",1,1,34,[38]],[25,"BlackBackground",190,6,[-79],[4,4278190080],[5,640,640]],[4,0,36,[39]],[26,"BlackLabel",215,6,[-80],[4,4278190080],[5,640,96],[0,-21.254,0,0,0,0,1,1,1,1]],[4,0,38,[40]],[5,"RICHTEXT_CHILD",1024,15,[[14,"LEVEL COMPLETED !",60,50,false,1,-81,[41],42]],[5,511.74,63],[0,0,0],[-255.87,-31.5,0,0,0,0,1,1,1,1]],[35,false,"<color=#ffffff>LEVEL COMPLETED !</c>",60,50,15]],0,[0,0,1,0,0,1,0,8,39,0,9,37,0,10,41,0,11,35,0,12,25,0,13,28,0,14,20,0,15,22,0,0,1,0,-1,17,0,-2,18,0,-3,3,0,-4,4,0,-5,7,0,-6,2,0,6,1,0,-8,24,0,-9,26,0,-10,27,0,-11,29,0,-12,30,0,-13,5,0,-14,14,0,-15,34,0,-16,6,0,-1,9,0,-2,10,0,-3,11,0,-4,12,0,-5,13,0,-1,20,0,0,3,0,0,3,0,-1,19,0,-1,22,0,0,4,0,0,4,0,-1,21,0,0,5,0,-1,31,0,-2,32,0,-1,36,0,-2,38,0,-3,15,0,0,7,0,-1,8,0,0,8,0,-1,23,0,0,9,0,0,9,0,0,10,0,0,10,0,0,11,0,0,11,0,0,12,0,0,12,0,0,13,0,0,13,0,0,14,0,-1,33,0,-1,41,0,-1,40,0,0,17,0,0,18,0,0,19,0,0,21,0,0,23,0,-1,25,0,0,26,0,-1,28,0,0,29,0,0,30,0,0,31,0,0,32,0,0,33,0,-1,35,0,-1,37,0,-1,39,0,0,40,0,16,16,1,6,16,81],[0,0,0,0,0,0,0,0,0,0,0,0,0,0,0,0,0,0,0,0,0,0,0,0,0,0,0,0,0,0,0,0,0,0,0,0,0,0,0,0,0,0,0,0,0,20,22,25,28,37,39,41],[-1,1,-1,1,-1,7,-1,-1,1,-1,7,-1,-1,3,5,-1,1,-1,1,-1,1,-1,1,-1,1,-1,1,4,4,4,-1,3,-1,3,5,-1,3,5,-1,-1,-1,-1,3,17,18,1,1,4,4,1,1,5],[0,14,0,15,0,3,3,0,16,0,4,4,0,5,5,0,17,0,2,0,2,0,2,0,2,0,2,18,19,6,0,1,0,1,1,0,1,1,0,0,0,0,1,20,6,7,7,21,22,8,8,1]],[[{"name":"default_sprite_splash","rect":[0,0,2,2],"offset":[0,0],"originalSize":[2,2],"capInsets":[0,0,0,0]}],[0],0,[0],[2],[23]],[[{"name":"Level2","rect":[0,0,480,480],"offset":[0,0],"originalSize":[480,480],"capInsets":[0,0,0,0]}],[0],0,[0],[2],[24]]]]