[1,["ecpdLyjvZBwrvm+cedCcQy","cf+Mo0LfRLA67r0OV6TrVB","d2yG6nsIRF05oybJRs/pY6","a8Anh32NZGRZegUtSgEj26","41D7kWhyFGY7q4NDlzkazn","21S1DxjDdBpYJCoN/2l1at"],["node","_N$file","_textureSetter","_spriteFrame","_N$font","scene"],[["cc.Node",["_name","_id","_parent","_components","_contentSize","_trs","_children","_color"],1,1,9,5,7,2,5],"cc.SpriteFrame",["cc.Sprite",["_sizeMode","node","_materials","_spriteFrame"],2,1,3,6],["cc.PrivateNode",["_name","_objFlags","_parent","_components","_contentSize","_anchorPoint","_trs","_color"],1,1,9,5,5,7,5],["cc.SceneAsset",["_name","asyncLoadAssets"],1],["cc.Scene",["_name","_children","_anchorPoint","_trs"],2,2,5,7],["cc.Canvas",["node","_designResolution"],3,1,5],["cc.Widget",["_alignFlags","node"],2,1],["cc.RichText",["_isSystemFontUsed","_N$string","_N$horizontalAlign","_N$fontSize","_N$maxWidth","_N$lineHeight","node","_N$font"],-3,1,6],["cc.Camera",["_clearFlags","_depth","node"],1,1],["cc.Label",["_string","_fontSize","_lineHeight","_isSystemFontUsed","_N$verticalAlign","node","_materials","_N$file"],-2,1,3,6]],[[0,0,1,2,6,3,4,5,3],[10,0,1,2,3,4,5,6,7,6],[8,0,1,2,3,4,5,6,7,7],[3,0,1,2,3,4,5,6,3],[4,0,1,3],[5,0,1,2,3,2],[0,0,2,3,4,2],[0,0,2,3,7,4,2],[0,0,1,2,3,4,5,3],[6,0,1,1],[7,0,1,2],[9,0,1,2,3],[2,0,1,2,3,2],[2,1,2,3,1],[3,0,1,2,3,7,4,5,6,3]],[[[{"name":"gumbot3d","rect":[0,0,377,353],"offset":[0,0],"originalSize":[377,353],"capInsets":[0,0,0,0]}],[1],0,[0],[2],[2]],[[{"name":"singleColor","rect":[0,0,2,2],"offset":[0,0],"originalSize":[2,2],"capInsets":[0,0,0,0]}],[1],0,[0],[2],[3]],[[[4,"TheEnd",null],[5,"New Node",[-1,-2,-3,-4],[0,0,0],[0,0,0,0,0,0,1,1,1,1]],[0,"Canvas","a5esZu+45LA5mBpvttspPD",1,[-7,-8],[[9,-5,[5,640,640]],[10,45,-6]],[5,640,640],[320,320,0,0,0,0,1,1,1,1]],[0,"Text","3bt//UFmJKJKgopgmVsFkt",1,[-10,-11],[[2,false,"<color=#FFFFFF>More levels coming soon ! </c>",1,80,600,70,-9,8]],[5,600,158.2],[358.817,104.513,0,0,0,0,1,1,1,1]],[0,"Text copy","57pOuie8dDu5VvoKb6hNvu",1,[-13],[[2,false,"<color=#00ff00>beep beep boop !? </c>",1,50,600,70,-12,11]],[5,600,88.2],[378.365,530.239,0,0,0,0,1,1,1,1]],[6,"Main Camera",2,[[11,7,-1,-14]],[5,960,640]],[7,"singleColor",2,[[12,0,-15,[0],1]],[4,4278190080],[5,640,640]],[8,"gumbot3d","33ybHQ7k1HOr1StToQOI4i",1,[[13,-16,[2],3]],[5,377,353],[330.137,326.483,0,0,0,0,1,1,1,1]],[3,"RICHTEXT_CHILD",1024,3,[[1,"More levels ",80,70,false,1,-17,[4],5]],[5,423.6,88.2],[0,0,0],[-211.8,-9.099999999999994,0,0,0,0,1,1,1,1]],[3,"RICHTEXT_CHILD",1024,3,[[1,"coming soon ! ",80,70,false,1,-18,[6],7]],[5,492.32,88.2],[0,0,0],[-246.16,-79.1,0,0,0,0,1,1,1,1]],[14,"RICHTEXT_CHILD",1024,4,[[1,"beep beep boop !? ",50,70,false,1,-19,[9],10]],[4,4278255360],[5,402.95,88.2],[0,0,0],[-201.475,-44.1,0,0,0,0,1,1,1,1]]],0,[0,-1,2,0,-2,7,0,-3,3,0,-4,4,0,0,2,0,0,2,0,-1,5,0,-2,6,0,0,3,0,-1,8,0,-2,9,0,0,4,0,-1,10,0,0,5,0,0,6,0,0,7,0,0,8,0,0,9,0,0,10,0,5,1,19],[0,0,0,0,0,0,0,0,0,0,0,0],[-1,3,-1,3,-1,1,-1,1,4,-1,1,4],[0,4,0,5,0,1,0,1,1,0,1,1]]]]