{"paths":{},"types":[],"uuids":["5bkloIVlhN8KPPbkev56a9","37oIUeOQtBjpPGHmEe7pp/","531sEjUWtJX4z7q5YYkvYi","67bIdIz7xEc40YPU+bIkC0","a2MjXRFdtLlYQ5ouAFv/+R","07B+bct7FBMo2faUzLYkqu","0aDTVehUBIKIz0wLXwToHq","14KNgHV4lJiJYpngxv+9Cq","15BJPliFtBsJMyvvKldF6Z","1726P9h4FI7rhwQrxSwmLv","194ggTl5VPK4C/IzE9NhKF","1aPnPHYJJPU4ZflEa+66o3","1d0SqhHZxOlqd3/Ihvqb7S","1fXK+sUENBq4cid6gXdUpe","218RPoxoVBZY5n2wU9D45t","29E3F+0VxEsLUyXHdAE5BM","2bZHxX3dZPnalgYiryzZGh","2dL3kvpAxJu6GJ7RdqJG5J","33EJ2pkupKG48PMzKcTwvo","38aBQpFShOaaoWBdUl3qcF","41D7kWhyFGY7q4NDlzkazn","48fDdIOepHPYjFQW1umVY9","4fLqDi33pEhInzRmSxMdzm","55+y6fVypAV5svtRASIoiB","56e/fY7QFGJIZyhHQ2Gprx","57s8hMaYxPEoXfvQ6weSoN","5cRBXD3wVHAqTcfZ/HiZvW","66MkJq5QxPVqE4uEudyyAD","66bG9+811LJqjbWJwIi0ij","6cDDiH0HdBOajpjsZ4DeVa","70vF4D6mlDsKsNQLSr6Wgg","705NWQY+JOaq08x6bFrFmQ","71VhFCTINJM6/Ky3oX9nBT","72oZNNDadEqZHXIhQZOuir","74tYwDrZFE87LIf5Rue6+v","7fv+F9rYVLeo2o0VnPk4up","84fZsVoI5OMYRzcwOz2rOy","8dAUj5bKBAsKfOmTGdDWa+","8fD4Q0c9dAhKMpT9fLvr/p","93XxCD30ZDXooVB42kiau2","96KvhZp9RALbzmQQ7JBV7U","96aHXnYytMhoAMijECX1LU","a1tTfwjOFBbqN7nKulgSEk","a8Anh32NZGRZegUtSgEj26","acJHjujSlIr6Gosr4Q+SwU","ae0LIe+VdPnp8Pq+C12NV2","af84EeZhVB1Z1fE5INbmZX","b2watDbhxH5rySYC1YejFP","b4P/PCArtIdIH38t6mlw8Y","b6gEkynVRAb5ZJGV2KCUds","b7qSf64dNEIZrEhEmHJtIZ","bc3QxhI8pP+qbYj8toa7GJ","bfXxoWoAZNVrfSa/6PI+gG","c5JbI9PjtE6JfZ0SHsCQoX","c77INLNvRES7pD87ZVOisz","cf+Mo0LfRLA67r0OV6TrVB","d2yG6nsIRF05oybJRs/pY6","d6F9la6GdMY6bJucvsyxzV","dbDZaXs/ZIGZS3FnsZjpVH","e5ny8GlG1NJZB98LrhuDdB","e8Ueib+qJEhL6mXAHdnwbi","ec8eIzcjxOSbZY9ddytN6R","efGs6VB9dOlaHFgEcMEjbh","f03yVD4M5CBrX2PwnXIRTk","f4/OkvFf9B8oWq9W1LohXl","f80p/rkGJHAKSrbtIB7O0W","faDnw3sndA8LYEwJu6P2fE","fbK1UKr61MnZpMjdTi0W2j","fbZExrT6NBuoHZ5JNkJM6A","fcz8V/S+dKT7cSAUi34B51","02F7ky6nBH648DYTDpcJEP","02delMVqdBD70a/HSD99FK","07wEpHRE1GrIMaaW9F2iKh","08l7zV7KhAVKKalVZS6Q52","0cKnfo9KlIe7iQjpR+HFFb","0dV/jDz8tMcqNwwmjrTLM9","15ojXxSvhKNoAZUGDwNy88","1bMG3Pe+FNT7i7vbZwQfCt","1eMqNVg1pEqKA9YsNe3ITu","21S1DxjDdBpYJCoN/2l1at","28hpUSFSFA/5lABSsFzhKN","29FYIk+N1GYaeWH/q1NxQO","2beOBE6LFKAbjBM29oeKG/","32gT7mKbREOJu9vZ5ezZXn","32/NfLQcFIkp5kG6XwBGbO","34w6utkkpH35nc277IBl9U","38cdrFvV5IAZ8DfGb7/x2v","398nGd6ylMd5mXS/W8JgUu","3ewb5oEupM+JPSRbBsfHfy","41+K8NUh9BobSPR5+lQbsk","43jeT1ArdFmZnRpP16DBpx","44RZbhbgNLhJ3Vs+tmingR","50Doix1ERHf5bR3N7+jpUK","50021ld21HoLYY+YUmVo0u","51vLuXqstI2a4tUN3HJzDQ","52IpaJmFdPq4EEuBamwA4J","54hfp5YmdDsrfLkeXTX0zW","59rL+UYtFNDLwjp6Ze+1zx","63eflWAhFFXpdKYV723VLA","64mXZr78BBtL2du3BW3MEz","6537JLTWRPaJBgd8ay/pD6","67Hrb3KN9MirSX0RcCXn+0","74Va/1r5RL+IMyU5wNnAVG","78jFIxgqZJ/55JaoJYEc/K","7eLFTpXXJJDY3Pll7O7Dst","7e985DjztAw40hinim32Rt","82pZUyslZLgoJYYDId4dTA","a5vjt1j0pOLpBD3mxyZHzG","a6OMl7VkhIVIA7cpDlw5IQ","a6qMuats1C3ZJpUUh8zlYJ","aeKCdYVQhGBIo+XP/xs4BY","b6oqGkU39PmYT+luilXIJd","bayZ1xhH9Nx6lYVTOD7uer","bf8ZUEViVKOqYr7shVJg2y","c0OrRZ3kRN6b0IeXJD3Wy0","c9myFAwgVCGrBeeKRTZ3TU","d7TCqmV9BKFLH61Td8dQww","dah8HWnUZI36x7iIi5GHHP","e3uois9bNAz4GLY+nbXAOi","e97GVMl6JHh5Ml5qEDdSGa","eb/nuwxSVGbpa30EC87iYE","ecpdLyjvZBwrvm+cedCcQy","f0BIwQ8D5Ml7nTNQbh1YlS","f0I9NXiUJCi5Yvv+xSP84t","f2WlmuphhKIo480EfiegjU","f3lf3bkeZJYbn9tpV9SZJ6","f9AIHcP+ZE9J7A1V/82Uo0","faUbYjk1RAWZlSZHKz3B3c"],"scenes":{"db://assets/Scene/Level1.fire":17,"db://assets/Scene/Level2.fire":33,"db://assets/Scene/Level3.fire":57,"db://assets/Scene/MainMenu.fire":37,"db://assets/Scene/TheEnd.fire":36},"redirect":[71,0,121,0],"deps":["internal"],"packs":{"0112b7b53":[5,7,9,10,13,14,15,16,19,21,22,23,24,25,26,27,28,29,30,31,32,34,35,38,39,40,41,42,43,44,45,46,47,48,49,50,51,53,54,56,58,59,60,61,62,63,64,65,66,67,68,69],"020a3ace6":[1,88,2,0,3,4,115,57,124],"03e7e9761":[81,20,93,37,109,119,122,125],"05dec6681":[17,83,1,95,2,0,3,4],"069ae702a":[79,20,36],"085e1da2c":[11,1,2,97,0,3,33,4,117],"0d077805e":[70,72,73,6,74,75,8,76,77,78,80,82,84,18,85,86,87,89,90,91,92,94,96,0,98,99,100,101,102,103,104,105,106,107,108,110,111,112,52,113,114,116,118,120,123,126,127]},"name":"main","importBase":"import","nativeBase":"native","debug":false,"isZip":false,"encrypted":false,"versions":{"import":["0112b7b53","4a354","020a3ace6","f44ec","03e7e9761","7aa6a","05dec6681","dc7da","069ae702a","0d9ec","085e1da2c","93c11","0d077805e","85c38",12,"dade8",55,"e2d38"],"native":[5,"8c80b",6,"a1174",7,"4183e",8,"208d5",9,"4bc68",10,"7884f",11,"6b35d",12,"9e156",13,"a4056",14,"1f8c0",15,"41022",16,"3c1b4",18,"3a10b",19,"d544a",21,"9fcb4",22,"c71dc",23,"bf519",24,"b09ad",25,"4a780",26,"cb95a",27,"64e40",28,"49322",29,"828a1",30,"35295",31,"7c3f4",32,"c06a9",34,"5538f",35,"ba4dc",38,"67ae1",39,"56540",40,"3a21b",41,"a92dc",42,"0993e",43,"cea68",44,"16727",45,"b2812",46,"fabaf",47,"53231",48,"83fcc",49,"5d56c",50,"ce03e",51,"ac537",52,"56cfe",53,"84121",54,"a5f6e",55,"e0dac",56,"0310c",58,"b781e",59,"1063a",60,"90cf4",61,"7436d",62,"2f284",63,"1ee1a",64,"3c717",65,"6c668",66,"cb82e",67,"152fc",68,"ffa9d",69,"05679"]}}