[1,["0dV/jDz8tMcqNwwmjrTLM9","5bkloIVlhN8KPPbkev56a9","63eflWAhFFXpdKYV723VLA","6537JLTWRPaJBgd8ay/pD6","34w6utkkpH35nc277IBl9U","a5vjt1j0pOLpBD3mxyZHzG","28hpUSFSFA/5lABSsFzhKN","64mXZr78BBtL2du3BW3MEz","07wEpHRE1GrIMaaW9F2iKh","82pZUyslZLgoJYYDId4dTA","15ojXxSvhKNoAZUGDwNy88","d7TCqmV9BKFLH61Td8dQww","32/NfLQcFIkp5kG6XwBGbO","bf8ZUEViVKOqYr7shVJg2y","51vLuXqstI2a4tUN3HJzDQ","55+y6fVypAV5svtRASIoiB","66MkJq5QxPVqE4uEudyyAD","2bZHxX3dZPnalgYiryzZGh","96aHXnYytMhoAMijECX1LU","70vF4D6mlDsKsNQLSr6Wgg","bc3QxhI8pP+qbYj8toa7GJ","ae0LIe+VdPnp8Pq+C12NV2","dbDZaXs/ZIGZS3FnsZjpVH","08l7zV7KhAVKKalVZS6Q52","1eMqNVg1pEqKA9YsNe3ITu","7eLFTpXXJJDY3Pll7O7Dst","eb/nuwxSVGbpa30EC87iYE","398nGd6ylMd5mXS/W8JgUu","bayZ1xhH9Nx6lYVTOD7uer","29E3F+0VxEsLUyXHdAE5BM","44RZbhbgNLhJ3Vs+tmingR","54hfp5YmdDsrfLkeXTX0zW","43jeT1ArdFmZnRpP16DBpx","7e985DjztAw40hinim32Rt","74Va/1r5RL+IMyU5wNnAVG","aeKCdYVQhGBIo+XP/xs4BY","67Hrb3KN9MirSX0RcCXn+0","e3uois9bNAz4GLY+nbXAOi","f0I9NXiUJCi5Yvv+xSP84t","faUbYjk1RAWZlSZHKz3B3c","78jFIxgqZJ/55JaoJYEc/K","705NWQY+JOaq08x6bFrFmQ","8fD4Q0c9dAhKMpT9fLvr/p","6cDDiH0HdBOajpjsZ4DeVa","96KvhZp9RALbzmQQ7JBV7U","48fDdIOepHPYjFQW1umVY9","c5JbI9PjtE6JfZ0SHsCQoX","acJHjujSlIr6Gosr4Q+SwU","74tYwDrZFE87LIf5Rue6+v","fbZExrT6NBuoHZ5JNkJM6A","faDnw3sndA8LYEwJu6P2fE","66bG9+811LJqjbWJwIi0ij","e5ny8GlG1NJZB98LrhuDdB","57s8hMaYxPEoXfvQ6weSoN","f4/OkvFf9B8oWq9W1LohXl","b7qSf64dNEIZrEhEmHJtIZ","c77INLNvRES7pD87ZVOisz","f03yVD4M5CBrX2PwnXIRTk","1bMG3Pe+FNT7i7vbZwQfCt","50Doix1ERHf5bR3N7+jpUK","f9AIHcP+ZE9J7A1V/82Uo0","38aBQpFShOaaoWBdUl3qcF","1726P9h4FI7rhwQrxSwmLv","ecpdLyjvZBwrvm+cedCcQy","41+K8NUh9BobSPR5+lQbsk","38cdrFvV5IAZ8DfGb7/x2v","02F7ky6nBH648DYTDpcJEP","b6oqGkU39PmYT+luilXIJd","a6OMl7VkhIVIA7cpDlw5IQ","15BJPliFtBsJMyvvKldF6Z","bfXxoWoAZNVrfSa/6PI+gG","af84EeZhVB1Z1fE5INbmZX","fcz8V/S+dKT7cSAUi34B51","56e/fY7QFGJIZyhHQ2Gprx","efGs6VB9dOlaHFgEcMEjbh","b6gEkynVRAb5ZJGV2KCUds","14KNgHV4lJiJYpngxv+9Cq"],["value","_textureSetter","node","_clip","root","powerOffSound","explosionSound","data","_spriteFrame","_defaultClip"],["cc.SpriteFrame",["cc.AnimationClip",["_name","_duration","wrapMode","events","curveData"],-1,11],["cc.PrefabInfo",["fileId","root"],2,1],["cc.AudioClip",["_name","_native","duration"],0],["cc.Prefab",["_name"],2],["cc.Node",["_name","_children","_components","_prefab","_contentSize","_anchorPoint","_trs"],2,2,9,4,5,5,7],["cc.Node",["_name","_parent","_components","_prefab"],2,1,2,4],["cc.Sprite",["_sizeMode","_isTrimmedMode","node","_materials","_spriteFrame"],1,1,3,6],["ba354DQcstN6ry5ZGhwceTt",["node","explosionSound","powerOffSound"],3,1,1,1],["cc.Animation",["node","_clips","_defaultClip"],3,1,3,6],["cc.BoxCollider",["node","_offset","_size"],3,1,5,5],["cc.AudioSource",["node"],3,1]],[[1,0,1,2,4,4],[3,0,1,2,4],[1,0,1,4,3],[6,0,1,2,3,2],[2,0,1,2],[11,0,1],[1,0,1,2,3,4,5],[4,0,2],[5,0,1,2,3,4,5,6,2],[7,0,1,2,3,4,3],[8,0,1,2,1],[9,0,1,2,1],[10,0,1,2,1],[2,1,1]],[[[[0,"walkRight",0.43333333333333335,0,[{},"comps",11,[{},"cc.Sprite",11,[{},"spriteFrame",12,[[[{"frame":0},"value",6,0],[{"frame":0.08333333333333333},"value",6,1],[{"frame":0.16666666666666666},"value",6,2],[{"frame":0.25},"value",6,3],[{"frame":0.3333333333333333},"value",6,4],[{"frame":0.4166666666666667},"value",6,5]],11,11,11,11,11,11]]]]]],0,0,[0,0,0,0,0,0],[0,0,0,0,0,0],[9,10,11,12,13,14]],[[[0,"shutted",0.016666666666666666,2,[{},"comps",11,[{},"cc.Sprite",11,[{},"spriteFrame",12,[[[{"frame":0},"value",6,0]],11]]]]]],0,0,[0],[0],[0]],[[{"name":"droidLeft5","rect":[0,0,20,20],"offset":[0,0],"originalSize":[20,20],"capInsets":[0,0,0,0]}],[0],0,[0],[1],[15]],[[[1,"coin",".wav",0.90449],-1],0,0,[],[],[]],[[[2,"startDoor",1.2666666666666666,[{},"comps",11,[{},"cc.Sprite",11,[{},"spriteFrame",12,[[[{"frame":0},"value",6,0],[{"frame":0.08333333333333333},"value",6,1],[{"frame":0.16666666666666666},"value",6,2],[{"frame":0.25},"value",6,3],[{"frame":1.0833333333333333},"value",6,4],[{"frame":1.1666666666666667},"value",6,5],[{"frame":1.25},"value",6,6]],11,11,11,11,11,11,11]]]]]],0,0,[0,0,0,0,0,0,0],[0,0,0,0,0,0,0],[1,2,3,5,3,2,1]],[[{"name":"droidShutDown3","rect":[0,0,20,20],"offset":[0,0],"originalSize":[20,20],"capInsets":[0,0,0,0]}],[0],0,[0],[1],[16]],[[[1,"explosion",".wav",0.844792],-1],0,0,[],[],[]],[[{"name":"droid1","rect":[0,0,20,20],"offset":[0,0],"originalSize":[20,20],"capInsets":[0,0,0,0]}],[0],0,[0],[1],[17]],[[{"name":"droidShutDown0","rect":[0,0,20,20],"offset":[0,0],"originalSize":[20,20],"capInsets":[0,0,0,0]}],[0],0,[0],[1],[18]],[[{"name":"droidLeft4","rect":[0,0,20,20],"offset":[0,0],"originalSize":[20,20],"capInsets":[0,0,0,0]}],[0],0,[0],[1],[19]],[[{"name":"droid_idle0","rect":[0,0,20,20],"offset":[0,0],"originalSize":[20,20],"capInsets":[0,0,0,0]}],[0],0,[0],[1],[20]],[[[2,"openDoor",0.26666666666666666,[{},"comps",11,[{},"cc.Sprite",11,[{},"spriteFrame",12,[[[{"frame":0},"value",6,0],[{"frame":0.08333333333333333},"value",6,1],[{"frame":0.16666666666666666},"value",6,2],[{"frame":0.25},"value",6,3]],11,11,11,11]]]]]],0,0,[0,0,0,0],[0,0,0,0],[1,2,3,5]],[[{"name":"droid3","rect":[0,0,20,20],"offset":[0,0],"originalSize":[20,20],"capInsets":[0,0,0,0]}],[0],0,[0],[1],[21]],[[[1,"slide",".wav",1.192812],-1],0,0,[],[],[]],[[{"name":"droidShutDown4","rect":[0,0,20,20],"offset":[0,0],"originalSize":[20,20],"capInsets":[0,0,0,0]}],[0],0,[0],[1],[22]],[[[0,"walkLeft",0.43333333333333335,0,[{},"comps",11,[{},"cc.Sprite",11,[{},"spriteFrame",12,[[[{"frame":0},"value",6,0],[{"frame":0.08333333333333333},"value",6,1],[{"frame":0.16666666666666666},"value",6,2],[{"frame":0.25},"value",6,3],[{"frame":0.3333333333333333},"value",6,4],[{"frame":0.4166666666666667},"value",6,5]],11,11,11,11,11,11]]]]]],0,0,[0,0,0,0,0,0],[0,0,0,0,0,0],[23,24,25,26,27,28]],[[{"name":"droidLeft1","rect":[0,0,20,20],"offset":[0,0],"originalSize":[20,20],"capInsets":[0,0,0,0]}],[0],0,[0],[1],[29]],[[[6,"explode",2.7666666666666666,0,[{"frame":0,"func":"","params":[]},{"frame":0,"func":"","params":[]},{"frame":0,"func":"","params":[]},{"frame":2.5833333333333335,"func":"onExplosionEnd","params":[]}],[{},"comps",11,[{},"cc.Sprite",11,[{},"spriteFrame",12,[[[{"frame":0},"value",6,0],[{"frame":0.4166666666666667},"value",6,1],[{"frame":0.8333333333333334},"value",6,2],[{"frame":1.25},"value",6,3],[{"frame":1.6666666666666667},"value",6,4],[{"frame":2.0833333333333335},"value",6,5],[{"frame":2.4166666666666665},"value",6,6],[{"frame":2.5},"value",6,7],[{"frame":2.5833333333333335},"value",6,8],[{"frame":2.6666666666666665},"value",6,9],[{"frame":2.75},"value",6,10]],11,11,11,11,11,11,11,11,11,11,11]]]]]],0,0,[0,0,0,0,0,0,0,0,0,0,0],[0,0,0,0,0,0,0,0,0,0,0],[30,31,32,33,34,35,36,37,38,39,40]],[[{"name":"droidExplode3","rect":[0,0,20,20],"offset":[0,0],"originalSize":[20,20],"capInsets":[0,0,0,0]}],[0],0,[0],[1],[41]],[[{"name":"droidExplode5","rect":[0,0,20,20],"offset":[0,0],"originalSize":[20,20],"capInsets":[0,0,0,0]}],[0],0,[0],[1],[42]],[[{"name":"droidShutDown1","rect":[0,0,20,20],"offset":[0,0],"originalSize":[20,20],"capInsets":[0,0,0,0]}],[0],0,[0],[1],[43]],[[{"name":"droid5","rect":[0,0,20,20],"offset":[0,0],"originalSize":[20,20],"capInsets":[0,0,0,0]}],[0],0,[0],[1],[44]],[[{"name":"droidExplode4","rect":[0,0,20,20],"offset":[0,0],"originalSize":[20,20],"capInsets":[0,0,0,0]}],[0],0,[0],[1],[45]],[[{"name":"door_sprite0","rect":[0,0,32,32],"offset":[0,0],"originalSize":[32,32],"capInsets":[0,0,0,0]}],[0],0,[0],[1],[46]],[[{"name":"door_sprite1","rect":[0,0,32,32],"offset":[0,0],"originalSize":[32,32],"capInsets":[0,0,0,0]}],[0],0,[0],[1],[47]],[[{"name":"droid_idle1","rect":[0,0,20,20],"offset":[0,0],"originalSize":[20,20],"capInsets":[0,0,0,0]}],[0],0,[0],[1],[48]],[[{"name":"door_sprite2","rect":[0,0,32,32],"offset":[0,0],"originalSize":[32,32],"capInsets":[0,0,0,0]}],[0],0,[0],[1],[49]],[[{"name":"explosion0","rect":[0,0,24,24],"offset":[0,0],"originalSize":[24,24],"capInsets":[0,0,0,0]}],[0],0,[0],[1],[50]],[[{"name":"droidExplode1","rect":[0,0,20,20],"offset":[0,0],"originalSize":[20,20],"capInsets":[0,0,0,0]}],[0],0,[0],[1],[51]],[[{"name":"explosion4","rect":[0,0,24,24],"offset":[0,0],"originalSize":[24,24],"capInsets":[0,0,0,0]}],[0],0,[0],[1],[52]],[[{"name":"droidLeft3","rect":[0,0,20,20],"offset":[0,0],"originalSize":[20,20],"capInsets":[0,0,0,0]}],[0],0,[0],[1],[53]],[[{"name":"droidExplode2","rect":[0,0,20,20],"offset":[0,0],"originalSize":[20,20],"capInsets":[0,0,0,0]}],[0],0,[0],[1],[54]],[[{"name":"droid0","rect":[0,0,20,20],"offset":[0,0],"originalSize":[20,20],"capInsets":[0,0,0,0]}],[0],0,[0],[1],[55]],[[{"name":"door_sprite3","rect":[0,0,32,32],"offset":[0,0],"originalSize":[32,32],"capInsets":[0,0,0,0]}],[0],0,[0],[1],[56]],[[[0,"idle",1.5166666666666666,2,[{},"comps",11,[{},"cc.Sprite",11,[{},"spriteFrame",12,[[[{"frame":0},"value",6,0],[{"frame":1},"value",6,1],[{"frame":1.5},"value",6,2]],11,11,11]]]]]],0,0,[0,0,0],[0,0,0],[6,7,7]],[[{"name":"droidExplode0","rect":[0,0,20,20],"offset":[0,0],"originalSize":[20,20],"capInsets":[0,0,0,0]}],[0],0,[0],[1],[57]],[[[0,"shutDown",1.1833333333333333,0,[{},"comps",11,[{},"cc.Sprite",11,[{},"spriteFrame",12,[[[{"frame":0},"value",6,0],[{"frame":0.16666666666666666},"value",6,1],[{"frame":0.3333333333333333},"value",6,2],[{"frame":0.5},"value",6,3],[{"frame":0.6666666666666666},"value",6,4],[{"frame":0.8333333333333334},"value",6,5],[{"frame":1},"value",6,6],[{"frame":1.1666666666666667},"value",6,7]],11,11,11,11,11,11,11,11]]]]]],0,0,[0,0,0,0,0,0,0,0],[0,0,0,0,0,0,0,0],[4,4,4,58,59,60,0,0]],[[{"name":"droidLeft0","rect":[0,0,20,20],"offset":[0,0],"originalSize":[20,20],"capInsets":[0,0,0,0]}],[0],0,[0],[1],[61]],[[[1,"MachinePowerOff",".ogg",2.207458],-1],0,0,[],[],[]],[[{"name":"droid4","rect":[0,0,20,20],"offset":[0,0],"originalSize":[20,20],"capInsets":[0,0,0,0]}],[0],0,[0],[1],[62]],[[[7,"player"],[8,"player",[-8,-9],[[9,2,false,-2,[0],1],[10,-5,-4,-3],[11,-6,[3,4,5,6,7,8],2],[12,-7,[0,0.1,9.4],[5,14.5,17.3]]],[13,-1],[5,20,20],[0,0.5,0],[0,0,0,0,0,0,1,3,3,1]],[3,"ExplosionSound",1,[-10],[4,"b3Q9jNt+pJd7eTdmow7qr+",1]],[5,2],[3,"PowerOffSound",1,[-11],[4,"a1a/xN7TND+6KrzYPkCvM8",1]],[5,4]],0,[0,4,1,0,2,1,0,5,5,0,6,3,0,2,1,0,2,1,0,2,1,0,-1,2,0,-2,4,0,-1,3,0,-1,5,0,7,1,11],[0,0,0,0,0,0,0,0,0,3,5],[-1,8,9,-1,-2,-3,-4,-5,-6,3,3],[63,6,8,64,65,66,67,68,8,69,70]],[[{"name":"droid2","rect":[0,0,20,20],"offset":[0,0],"originalSize":[20,20],"capInsets":[0,0,0,0]}],[0],0,[0],[1],[71]],[[{"name":"explosion1","rect":[0,0,24,24],"offset":[0,0],"originalSize":[24,24],"capInsets":[0,0,0,0]}],[0],0,[0],[1],[72]],[[{"name":"droidLeft2","rect":[0,0,20,20],"offset":[0,0],"originalSize":[20,20],"capInsets":[0,0,0,0]}],[0],0,[0],[1],[73]],[[{"name":"explosion2","rect":[0,0,24,24],"offset":[0,0],"originalSize":[24,24],"capInsets":[0,0,0,0]}],[0],0,[0],[1],[74]],[[{"name":"droidShutDown2","rect":[0,0,20,20],"offset":[0,0],"originalSize":[20,20],"capInsets":[0,0,0,0]}],[0],0,[0],[1],[75]],[[{"name":"explosion3","rect":[0,0,24,24],"offset":[0,0],"originalSize":[24,24],"capInsets":[0,0,0,0]}],[0],0,[0],[1],[76]]]]