[1,["ecpdLyjvZBwrvm+cedCcQy","cf+Mo0LfRLA67r0OV6TrVB","67bIdIz7xEc40YPU+bIkC0","2beOBE6LFKAbjBM29oeKG/","0cKnfo9KlIe7iQjpR+HFFb","1d0SqhHZxOlqd3/Ihvqb7S","5bkloIVlhN8KPPbkev56a9","a2MjXRFdtLlYQ5ouAFv/+R","fbK1UKr61MnZpMjdTi0W2j","93XxCD30ZDXooVB42kiau2","7fv+F9rYVLeo2o0VnPk4up","c5JbI9PjtE6JfZ0SHsCQoX","4fLqDi33pEhInzRmSxMdzm","02delMVqdBD70a/HSD99FK","f80p/rkGJHAKSrbtIB7O0W","3ewb5oEupM+JPSRbBsfHfy","37oIUeOQtBjpPGHmEe7pp/","531sEjUWtJX4z7q5YYkvYi","c9myFAwgVCGrBeeKRTZ3TU","f2WlmuphhKIo480EfiegjU","15BJPliFtBsJMyvvKldF6Z","bfXxoWoAZNVrfSa/6PI+gG","c0OrRZ3kRN6b0IeXJD3Wy0","0aDTVehUBIKIz0wLXwToHq","33EJ2pkupKG48PMzKcTwvo","1fXK+sUENBq4cid6gXdUpe"],["node","_spriteFrame","_textureSetter","_clip","_N$file","_N$font","_parent","_defaultClip","BlackLabel","BlackBackground","levelCompletedLabel","levelText","newOnlineSound","slideDoorSound","exitDoor","startDoor","scene","PlayerPrefab","music"],["cc.SpriteFrame",["cc.Node",["_name","_opacity","_id","_components","_parent","_contentSize","_trs","_color","_children"],0,9,1,5,7,5,12],["cc.Node",["_name","_opacity","_parent","_components","_contentSize","_trs","_color","_children"],1,1,2,5,7,5,2],["cc.RichText",["_isSystemFontUsed","_N$string","_N$lineHeight","_N$maxWidth","_N$fontSize","node","_N$font"],-2,1,6],["cc.Sprite",["_sizeMode","node","_materials","_spriteFrame"],2,1,3,6],["cc.AudioSource",["_loop","playOnLoad","node","_clip"],1,1,6],["cc.Label",["_string","_N$verticalAlign","_lineHeight","_isSystemFontUsed","_N$horizontalAlign","_fontSize","node","_materials","_N$file"],-3,1,3,6],["cc.Node",["_name","_parent","_children","_components","_contentSize","_anchorPoint","_trs"],2,1,2,12,5,5,7],["cc.Animation",["playOnLoad","node","_clips","_defaultClip"],2,1,3,6],["cc.BoxCollider",["node","_size","_offset"],3,1,5,5],["cc.SceneAsset",["_name","asyncLoadAssets"],1],["cc.Node",["_name","_parent","_children","_components","_contentSize","_trs"],2,1,2,9,5,7],["cc.Canvas",["_fitHeight","node","_designResolution"],2,1,5],["cc.Widget",["_alignFlags","node"],2,1],["02d6fUsVtpB3LJkhpGcdkWy",["node","startDoor","exitDoor","slideDoorSound","newOnlineSound","levelText","levelCompletedLabel","BlackBackground","BlackLabel","PlayerPrefab","music"],3,1,1,1,1,1,1,1,1,1,6,6],["cc.Scene",["_name","_active","_children","_anchorPoint","_trs"],1,2,5,7],["cc.Camera",["_cullingMask","_clearFlags","_depth","node"],0,1],["cc.PrivateNode",["_name","_objFlags","_parent","_components","_contentSize","_anchorPoint","_trs"],1,1,9,5,5,7]],[[4,0,1,2,3,2],[1,0,4,3,5,6,2],[9,0,1,1],[4,0,1,2,2],[17,0,1,2,3,4,5,6,3],[1,0,1,4,3,5,6,3],[1,0,4,3,2],[4,1,2,3,1],[6,0,2,3,1,6,7,8,5],[7,0,1,2,3,4,5,6,2],[7,0,1,2,2],[11,0,1,2,3,4,5,2],[2,0,2,3,2],[9,0,2,1,1],[5,2,1],[5,2,3,1],[10,0,1,3],[1,0,2,8,3,7,5,6,3],[1,0,4,2],[1,0,1,4,3,7,5,6,3],[1,0,4,3,5,2],[2,0,2,7,3,4,5,2],[2,0,2,3,4,5,2],[2,0,1,2,3,6,4,3],[2,0,1,2,3,6,4,5,3],[12,0,1,2,2],[13,0,1,2],[14,0,1,2,3,4,5,6,7,8,9,10,1],[8,1,2,3,1],[8,0,1,2,3,2],[3,0,1,3,2,5,6,5],[3,0,1,2,5,6,4],[3,0,1,4,2,5,5],[15,0,1,2,3,4,3],[16,0,1,2,3,4],[5,0,1,2,3,3],[6,0,4,1,6,7,4],[6,0,5,2,3,1,6,7,8,6]],[[[{"name":"orb_red","rect":[3,3,25,25],"offset":[-0.5,0.5],"originalSize":[32,32],"capInsets":[0,0,0,0]}],[0],0,[0],[2],[8]],[[{"name":"Level3","rect":[0,0,640,640],"offset":[0,0],"originalSize":[640,640],"capInsets":[0,0,0,0]}],[0],0,[0],[2],[9]],[[{"name":"orb_green","rect":[3,3,25,25],"offset":[-0.5,0.5],"originalSize":[32,32],"capInsets":[0,0,0,0]}],[0],0,[0],[2],[10]],[[{"name":"door_sprite0","rect":[0,0,32,32],"offset":[0,0],"originalSize":[32,32],"capInsets":[0,0,0,0]}],[0],0,[0],[2],[11]],[[{"name":"obstacle","rect":[0,0,16,16],"offset":[0,0],"originalSize":[16,16],"capInsets":[0,0,0,0]}],[0],0,[0],[2],[12]],[[{"name":"default_sprite_splash","rect":[0,0,2,2],"offset":[0,0],"originalSize":[2,2],"capInsets":[0,0,0,0]}],[0],0,[0],[2],[13]],[[{"name":"ctrl","rect":[0,0,33,21],"offset":[0,0],"originalSize":[33,21],"capInsets":[0,0,0,0]}],[0],0,[0],[2],[14]],[[[16,"Level3",null],[17,"Canvas","a286bbGknJLZpRpxROV6M94",[[-12,-13,-14,-15,-16,-17,[18,"player",-18],-19,-20,-21,-22,-23,-24,-25,-26,-27,-28],1,1,1,1,1,1,4,1,1,1,1,1,1,1,1,1,1],[[25,false,-1,[5,640,640]],[26,45,-2],[27,-11,-10,-9,-8,-7,-6,-5,-4,-3,40,41]],[4,4294769916],[5,640,640],[320,320,0,0,0,0,1,1,1,1]],[9,"exit",1,[-32],[[-29,[28,-30,[6],5],[13,-31,[0,0,48],[5,96,96]]],1,4,4],[5,96,96],[0,0.5,0],[239.35,-34.345,0,0,0,0,1,1,1,1]],[9,"start",1,[-36],[[-33,[29,true,-34,[11],10],[13,-35,[0,0,48],[5,96,96]]],1,4,4],[5,96,96],[0,0.5,0],[-208.28,61.655,0,0,0,0,1,1,1,1]],[10,"obstacle",1,[-37,-38,-39,-40]],[11,"TutorialLabel",1,[-42,-43],[[30,false,"<color=#ffffff>press `CTRL` key to explode your e-bot and destroy objects</c>",550,50,-41,31]],[5,550,112.99999999999999],[60.689,-225.993,0,0,0,0,1,1,1,1]],[10,"LevelCompletedScreen",1,[-44,-45,-46]],[5,"obstacle copy",0,4,[[0,0,-47,[14],15],[2,-48,[5,32,500]]],[5,32,500],[-305.438,37.648,0,0,0,0,1,1,1,1]],[5,"obstacle copy",0,4,[[0,0,-49,[16],17],[2,-50,[5,32,140]]],[5,32,140],[-147.153,-24.572,0,0,0,0,1,1,1,1]],[5,"obstacle copy",0,4,[[0,0,-51,[18],19],[2,-52,[5,32,500]]],[5,32,500],[307.562,13.373,0,0,0,0,1,1,1,1]],[19,"obstacle3",0,4,[[0,0,-53,[20],21],[2,-54,[5,12,96]]],[4,4278255564],[5,12,96],[-79.333,65.931,0,0,0,0,1,1,1,1]],[1,"bloque",1,[[0,0,-55,[22],23],[2,-56,[5,48,48]]],[5,48,48],[85.834,-8.635,0,0,0,0,1,1,1,1]],[11,"LevelLabel",1,[-58],[[31,false,"<color=#ffffff>SECTOR 3</c>",50,-57,34]],[5,165.88,63],[-224.646,287.217,0,0,0,0,1,1,1,1]],[21,"LevelCompletedLabel",6,[-60],[-59],[5,511.74,63],[16.039,-13.251,0,0,0,0,1,1,1,1]],[33,"New Node",false,[1],[0,0,0],[0,0,0,0,0,0,1,1,1,1]],[1,"Main Camera",1,[[34,-3,7,-1,-61]],[5,640,640],[0,0,0,0,0,0,1,0.99999,0.99999,0.99999]],[20,"Level3",1,[[0,0,-62,[0],1]],[5,640,640]],[1,"orb_red",2,[[7,-63,[2],3]],[5,25,25],[0.133,106.626,0,0,0,0,1,1,1,1]],[3,0,2,[4]],[1,"orb_green",3,[[7,-64,[7],8]],[5,25,25],[0.523,106.749,0,0,0,0,1,1,1,1]],[3,0,3,[9]],[1,"controlsTutorial",1,[[7,-65,[12],13]],[5,33,21],[-262.62,-232.916,0,0,0,0,1,2,2,1]],[12,"NewRobotSound",1,[-66]],[14,22],[6,"ExplosionSound",1,[[15,-67,24]]],[12,"DoorSound",1,[-68]],[14,25],[6,"PowerOffSound",1,[[15,-69,25]]],[6,"Music",1,[[35,true,true,-70,26]]],[4,"RICHTEXT_CHILD",1024,5,[[8,"press `CTRL` key to explode ",50,false,1,-71,[27],28]],[5,490.92,63],[0,0,0],[-275,-6.499999999999993,0,0,0,0,1,1,1,1]],[4,"RICHTEXT_CHILD",1024,5,[[8,"your e-bot and destroy objects",50,false,1,-72,[29],30]],[5,514,63],[0,0,0],[-275,-56.49999999999999,0,0,0,0,1,1,1,1]],[4,"RICHTEXT_CHILD",1024,12,[[8,"SECTOR 3",50,false,1,-73,[32],33]],[5,165.88,63],[0,0,0],[-82.94,-31.5,0,0,0,0,1,1,1,1]],[22,"NextLevelLabel",1,[-74],[5,104.51,50.4],[412.406,282.07,0,0,0,0,1,1,1,1]],[36,"level4",1,1,32,[35]],[23,"BlackBackground",190,6,[-75],[4,4278190080],[5,640,640]],[3,0,34,[36]],[24,"BlackLabel",215,6,[-76],[4,4278190080],[5,640,96],[0,-21.254,0,0,0,0,1,1,1,1]],[3,0,36,[37]],[4,"RICHTEXT_CHILD",1024,13,[[37,"LEVEL COMPLETED !",60,50,false,1,-77,[38],39]],[5,511.74,63],[0,0,0],[-255.87,-31.5,0,0,0,0,1,1,1,1]],[32,false,"<color=#ffffff>LEVEL COMPLETED !</c>",60,50,13]],0,[0,0,1,0,0,1,0,8,37,0,9,35,0,10,39,0,11,33,0,12,23,0,13,26,0,14,18,0,15,20,0,0,1,0,-1,15,0,-2,16,0,-3,2,0,-4,3,0,-5,21,0,-6,4,0,6,1,0,-8,11,0,-9,22,0,-10,24,0,-11,25,0,-12,27,0,-13,28,0,-14,5,0,-15,12,0,-16,32,0,-17,6,0,-1,18,0,0,2,0,0,2,0,-1,17,0,-1,20,0,0,3,0,0,3,0,-1,19,0,-1,7,0,-2,8,0,-3,9,0,-4,10,0,0,5,0,-1,29,0,-2,30,0,-1,34,0,-2,36,0,-3,13,0,0,7,0,0,7,0,0,8,0,0,8,0,0,9,0,0,9,0,0,10,0,0,10,0,0,11,0,0,11,0,0,12,0,-1,31,0,-1,39,0,-1,38,0,0,15,0,0,16,0,0,17,0,0,19,0,0,21,0,-1,23,0,0,24,0,-1,26,0,0,27,0,0,28,0,0,29,0,0,30,0,0,31,0,-1,33,0,-1,35,0,-1,37,0,0,38,0,16,14,1,6,14,77],[0,0,0,0,0,0,0,0,0,0,0,0,0,0,0,0,0,0,0,0,0,0,0,0,0,0,0,0,0,0,0,0,0,0,0,0,0,0,0,0,0,0,18,20,23,26,35,37,39],[-1,1,-1,1,-1,7,-1,-1,1,-1,7,-1,-1,1,-1,1,-1,1,-1,1,-1,1,-1,1,3,3,3,-1,4,-1,4,5,-1,4,5,-1,-1,-1,-1,4,17,18,1,1,3,3,1,1,5],[0,15,0,16,0,3,3,0,17,0,4,4,0,18,0,2,0,2,0,2,0,2,0,19,20,21,5,0,1,0,1,1,0,1,1,0,0,0,0,1,22,5,6,6,23,24,7,7,1]],[[{"name":"bloque","rect":[0,0,32,32],"offset":[0,0],"originalSize":[32,32],"capInsets":[0,0,0,0]}],[0],0,[0],[2],[25]]]]