[1,["ecpdLyjvZBwrvm+cedCcQy","cf+Mo0LfRLA67r0OV6TrVB","71VhFCTINJM6/Ky3oX9nBT","a8Anh32NZGRZegUtSgEj26","07B+bct7FBMo2faUzLYkqu","41D7kWhyFGY7q4NDlzkazn","a6qMuats1C3ZJpUUh8zlYJ","e97GVMl6JHh5Ml5qEDdSGa","f0BIwQ8D5Ml7nTNQbh1YlS","29FYIk+N1GYaeWH/q1NxQO","50021ld21HoLYY+YUmVo0u","f3lf3bkeZJYbn9tpV9SZJ6","1d0SqhHZxOlqd3/Ihvqb7S","a1tTfwjOFBbqN7nKulgSEk","b4P/PCArtIdIH38t6mlw8Y","e8Ueib+qJEhL6mXAHdnwbi","194ggTl5VPK4C/IzE9NhKF"],["node","_textureSetter","_spriteFrame","_parent","scene","_N$pressedSprite","_N$hoverSprite","_N$disabledSprite","_N$file","_N$font","_clip"],["cc.SpriteFrame",["cc.Node",["_name","_id","_objFlags","_components","_contentSize","_trs","_parent","_children","_color"],0,9,5,7,1,2,5],["cc.Sprite",["_sizeMode","_type","node","_materials","_spriteFrame"],1,1,3,6],["cc.Widget",["_alignFlags","alignMode","_left","_right","_top","_bottom","_originalWidth","_originalHeight","node"],-5,1],["cc.SceneAsset",["_name","asyncLoadAssets"],1],["cc.Canvas",["node","_designResolution"],3,1,5],["50c7aAmE1tLGbkKA0WNk/na",["node"],3,1],["cc.Button",["_N$transition","node","_N$normalColor","_N$pressedColor","_N$disabledColor","_N$target","_N$pressedSprite","_N$hoverSprite","_N$disabledSprite"],2,1,5,5,5,1,6,6,6],["cc.RichText",["_isSystemFontUsed","_N$string","_N$fontSize","_N$lineHeight","node","_N$font"],-1,1,6],["cc.Scene",["_name","_children","_anchorPoint","_trs"],2,2,5,7],["cc.Camera",["_clearFlags","_depth","node"],1,1],["cc.PrivateNode",["_name","_objFlags","_parent","_components","_contentSize","_anchorPoint","_trs"],1,1,9,5,5,7],["cc.Label",["_string","_fontSize","_lineHeight","_isSystemFontUsed","_N$verticalAlign","node","_materials","_N$file"],-2,1,3,6],["cc.AudioSource",["_loop","playOnLoad","node","_clip"],1,1,6]],[[1,0,6,3,4,5,2],[1,0,6,7,3,4,5,2],[2,2,3,4,1],[4,0,1,3],[1,0,1,7,3,8,4,5,3],[1,0,2,3,4,5,3],[1,0,6,3,8,4,2],[1,0,6,3,4,2],[5,0,1,1],[3,0,8,2],[3,1,0,2,3,4,5,6,7,8,9],[6,0,1],[2,1,0,2,3,4,3],[2,0,2,3,4,2],[7,0,1,2,3,4,5,6,7,8,2],[8,0,1,2,3,4,5,5],[9,0,1,2,3,2],[10,0,1,2,3],[11,0,1,2,3,4,5,6,3],[12,0,1,2,3,4,5,6,7,6],[13,0,1,2,3,3]],[[[{"name":"default_btn_disabled","rect":[0,0,40,40],"offset":[0,0],"originalSize":[40,40],"capInsets":[12,12,12,12]}],[0],0,[0],[1],[2]],[[{"name":"singleColor","rect":[0,0,2,2],"offset":[0,0],"originalSize":[2,2],"capInsets":[0,0,0,0]}],[0],0,[0],[1],[3]],[[{"name":"logo","rect":[0,0,413,161],"offset":[0,0],"originalSize":[413,161],"capInsets":[0,0,0,0]}],[0],0,[0],[1],[4]],[[[3,"MainMenu",null],[4,"Canvas","a5esZu+45LA5mBpvttspPD",[-4,-5,-6,-7,-8,-9,-10],[[8,-1,[5,640,640]],[9,45,-2],[11,-3]],[4,4278190080],[5,640,640],[320,320,0,0,0,0,1,1,1,1]],[5,"Background",512,[[12,1,0,-11,[2],3],[10,0,45,10,10,-20,-20,100,40,-12]],[5,80,80],[0,0,0,0,0,0,1,1,1,0]],[1,"PlayBtn",1,[2],[[14,3,-13,[4,4293322470],[4,4291348680],[4,3363338360],2,4,5,6]],[5,100,40],[-2.061,-200.025,0,0,0,0,1,1.5,1.5,1.5]],[1,"Copyright",1,[-15],[[15,false,"<color=#ffffff>Rober Baca v1.0</c>",30,50,-14,11]],[5,201,63],[211.947,-279.023,0,0,0,0,1,1,1,1]],[16,"New Node",[1],[0,0,0],[0,0,0,0,0,0,1,1,1,1]],[6,"BlackBackground",1,[[13,0,-16,[0],1]],[4,4278190080],[5,640,640]],[0,"logo",1,[[2,-17,[7],8]],[5,413,161],[-5.183,169.86,0,0,0,0,1,1.2,1.2,1]],[7,"Main Camera",1,[[17,7,-1,-18]],[5,640,640]],[18,"RICHTEXT_CHILD",1024,4,[[19,"Rober Baca v1.0",30,50,false,1,-19,[9],10]],[5,201,63],[0,0,0],[-100.5,-31.5,0,0,0,0,1,1,1,1]],[0,"3DGumBot ",1,[[2,-20,[12],13]],[5,183,210],[-21.727,2.118,0,0,0,0,1,1,1,1]],[0,"MusicController",1,[[20,true,true,-21,14]],[5,64,64],[265.401,270.865,0,0,0,0,1,1,1,1]]],0,[0,0,1,0,0,1,0,0,1,0,-1,6,0,-2,3,0,-3,7,0,-4,8,0,-5,4,0,-6,10,0,-7,11,0,0,2,0,0,2,0,0,3,0,0,4,0,-1,9,0,0,6,0,0,7,0,0,8,0,0,9,0,0,10,0,0,11,0,4,5,1,3,5,2,3,3,21],[0,0,0,0,0,0,0,0,0,0,0,0,0,0,0],[-1,2,-1,2,5,6,7,-1,2,-1,8,9,-1,2,10],[0,5,0,6,7,8,9,0,10,0,1,1,0,11,12]],[[{"name":"play_button","rect":[16,16,480,480],"offset":[0,0],"originalSize":[512,512],"capInsets":[0,0,0,0]}],[0],0,[0],[1],[13]],[[{"name":"default_btn_pressed","rect":[0,0,40,40],"offset":[0,0],"originalSize":[40,40],"capInsets":[12,12,12,12]}],[0],0,[0],[1],[14]],[[{"name":"default_btn_normal","rect":[0,0,40,40],"offset":[0,0],"originalSize":[40,40],"capInsets":[12,12,12,12]}],[0],0,[0],[1],[15]],[[{"name":"3D Gum Bot Preview","rect":[27,26,183,210],"offset":[-6.5,-6],"originalSize":[250,250],"capInsets":[0,0,0,0]}],[0],0,[0],[1],[16]]]]